{"sunHours":[[1704326400000,0],[1704412800000,0.3],[1704499200000,0.5],[1704585600000,0.2],[1704672000000,0.2],[1704758400000,0.216666666666667],[1704844800000,0.35],[1704931200000,0.0833333333333333],[1705017600000,0],[1705104000000,0.966666666666668],[1705190400000,0.766666666666667],[1705276800000,0]],"solarRad":[[1704326400000,0],[1704412800000,82],[1704499200000,97],[1704585600000,91],[1704672000000,80],[1704758400000,80],[1704844800000,116],[1704931200000,68],[1705017600000,48],[1705104000000,119],[1705190400000,123],[1705276800000,99]],"uvi":[[1704326400000,0.0],[1704412800000,0.0],[1704499200000,0.0],[1704585600000,0.0],[1704672000000,0.0],[1704758400000,0.0],[1704844800000,1.0],[1704931200000,0.0],[1705017600000,0.0],[1705104000000,1.0],[1705190400000,1.0],[1705276800000,0.0]]}